{"cameraMode":{"drawMode":0,"name":"Shaded","section":"Shading Mode"},"sceneLighting":false,"audioPlay":false,"sceneViewState":{"m_AlwaysRefresh":false,"showFog":true,"showSkybox":false,"showFlares":true,"showImageEffects":true,"showParticleSystems":true,"showVisualEffectGraphs":true,"m_FxEnabled":true},"in2DMode":false,"pivot":{"x":-0.022880494594573976,"y":0.8317192792892456,"z":5.502019882202148},"rotation":{"x":0.17784322798252107,"y":-0.09958900511264801,"z":0.018085556104779245,"w":0.9789003133773804},"size":0.9457213878631592,"orthographic":false}