{"cameraMode":{"drawMode":0,"name":"Shaded","section":"Shading Mode"},"sceneLighting":true,"audioPlay":false,"sceneViewState":{"m_AlwaysRefresh":false,"showFog":true,"showSkybox":true,"showFlares":true,"showImageEffects":true,"showParticleSystems":true,"showVisualEffectGraphs":true,"m_FxEnabled":true},"in2DMode":false,"pivot":{"x":2.1207265853881838,"y":4.468654155731201,"z":1.1541918516159058},"rotation":{"x":-0.1463962346315384,"y":0.031758926808834079,"z":-0.004706696607172489,"w":-0.9887130260467529},"size":3.9260149002075197,"orthographic":false}