{"cameraMode":{"drawMode":0,"name":"Shaded","section":"Shading Mode"},"sceneLighting":false,"audioPlay":false,"sceneViewState":{"m_AlwaysRefresh":false,"showFog":true,"showSkybox":false,"showFlares":true,"showImageEffects":true,"showParticleSystems":true,"showVisualEffectGraphs":true,"m_FxEnabled":true},"in2DMode":false,"pivot":{"x":0.05200245976448059,"y":0.11221960186958313,"z":0.32840073108673098},"rotation":{"x":0.11683598905801773,"y":-0.22730709612369538,"z":0.027470046654343606,"w":0.966419517993927},"size":1.5662930011749268,"orthographic":false}